Source IP,Destination IP,Domain,Timestamp
192.168.29.148,34.36.137.203,contile.services.mozilla.com,"May 19, 2025 17:33:17.224163589 IST"
192.168.29.148,34.107.243.93,push.services.mozilla.com,"May 19, 2025 17:33:18.674898388 IST"
192.168.29.148,34.107.243.93,push.services.mozilla.com,"May 19, 2025 17:33:19.180381786 IST"
192.168.29.148,104.16.142.237,www.udemy.com,"May 19, 2025 17:33:21.883638045 IST"
192.168.29.148,104.18.32.137,geolocation.onetrust.com,"May 19, 2025 17:33:23.671961542 IST"
192.168.29.148,142.250.206.170,safebrowsing.googleapis.com,"May 19, 2025 17:33:23.677544284 IST"
192.168.29.148,104.16.75.19,cms-images.udemycdn.com,"May 19, 2025 17:33:24.423133752 IST"
192.168.29.148,104.16.75.19,cms-images.udemycdn.com,"May 19, 2025 17:33:24.462805016 IST"
192.168.29.148,104.16.75.19,cms-images.udemycdn.com,"May 19, 2025 17:33:24.470481586 IST"
192.168.29.148,64.233.170.84,accounts.google.com,"May 19, 2025 17:33:25.121890453 IST"
192.168.29.148,142.250.206.136,www.googletagmanager.com,"May 19, 2025 17:33:25.307589360 IST"
192.168.29.148,183.79.250.251,s.yimg.jp,"May 19, 2025 17:33:26.482932659 IST"
192.168.29.148,142.250.194.228,www.google.com,"May 19, 2025 17:33:26.547873111 IST"
192.168.29.148,216.239.34.21,gtm.udemy.com,"May 19, 2025 17:33:26.826470435 IST"
192.168.29.148,103.180.115.6,cl.qualaroo.com,"May 19, 2025 17:33:27.281855938 IST"
192.168.29.148,199.232.168.157,static.ads-twitter.com,"May 19, 2025 17:33:27.731035729 IST"
192.168.29.148,142.250.194.2,googleads.g.doubleclick.net,"May 19, 2025 17:33:27.796588654 IST"
192.168.29.148,199.232.21.140,www.redditstatic.com,"May 19, 2025 17:33:27.801704236 IST"
192.168.29.148,182.161.73.146,sslwidget.criteo.com,"May 19, 2025 17:33:28.186850807 IST"
192.168.29.148,150.171.28.10,bat.bing.com,"May 19, 2025 17:33:28.401875724 IST"
192.168.29.148,182.161.73.136,dnacdn.net,"May 19, 2025 17:33:28.497092115 IST"
192.168.29.148,199.232.21.140,www.redditstatic.com,"May 19, 2025 17:33:28.531291846 IST"
192.168.29.148,116.213.23.145,ag.gbc.criteo.com,"May 19, 2025 17:33:28.784319155 IST"
192.168.29.148,116.213.23.149,gem.gbc.criteo.com,"May 19, 2025 17:33:28.837791167 IST"
192.168.29.148,199.232.21.140,alb.reddit.com,"May 19, 2025 17:33:28.862134976 IST"
192.168.29.148,162.159.140.229,t.co,"May 19, 2025 17:33:28.893286392 IST"
192.168.29.148,162.159.140.229,analytics.twitter.com,"May 19, 2025 17:33:28.894797814 IST"
192.168.29.148,163.70.145.35,www.facebook.com,"May 19, 2025 17:33:29.182905479 IST"
192.168.29.148,142.250.195.3,www.google.co.in,"May 19, 2025 17:33:29.477117138 IST"
192.168.29.148,216.58.200.206,play.google.com,"May 19, 2025 17:33:29.670771840 IST"
192.168.29.148,182.161.73.136,gumi.criteo.com,"May 19, 2025 17:33:30.401010792 IST"
192.168.29.148,35.244.154.8,idsync.rlcdn.com,"May 19, 2025 17:33:30.480605152 IST"
192.168.29.148,150.171.28.10,c.bing.com,"May 19, 2025 17:33:30.511552051 IST"
192.168.29.148,18.66.63.59,public-prod-dspcookiematching.dmxleo.com,"May 19, 2025 17:33:30.577698821 IST"
192.168.29.148,23.215.196.24,contextual.media.net,"May 19, 2025 17:33:30.648035055 IST"
192.168.29.148,103.43.91.58,ib.adnxs.com,"May 19, 2025 17:33:30.748170626 IST"
192.168.29.148,119.8.187.97,ad.360yield.com,"May 19, 2025 17:33:30.748760479 IST"
192.168.29.148,23.50.13.156,criteo-sync.teads.tv,"May 19, 2025 17:33:30.750791903 IST"
192.168.29.148,67.199.150.86,simage2.pubmatic.com,"May 19, 2025 17:33:30.759724994 IST"
192.168.29.148,23.106.127.170,rtb-csync.smartadserver.com,"May 19, 2025 17:33:30.762891569 IST"
192.168.29.148,69.173.158.64,pixel.rubiconproject.com,"May 19, 2025 17:33:30.764084358 IST"
192.168.29.148,35.213.7.90,x.bidswitch.net,"May 19, 2025 17:33:30.764563843 IST"
192.168.29.148,35.71.178.8,eb2.3lift.com,"May 19, 2025 17:33:30.869103927 IST"
192.168.29.148,142.250.77.226,cm.g.doubleclick.net,"May 19, 2025 17:33:30.872901094 IST"
192.168.29.148,18.66.63.59,public-prod-dspcookiematching.dmxleo.com,"May 19, 2025 17:33:30.913295422 IST"
192.168.29.148,104.18.26.193,r.casalemedia.com,"May 19, 2025 17:33:30.981928701 IST"
192.168.29.148,172.179.183.128,sync.outbrain.com,"May 19, 2025 17:33:30.983791794 IST"
192.168.29.148,124.146.153.167,tg.socdm.com,"May 19, 2025 17:33:30.984413739 IST"
192.168.29.148,139.99.123.105,ads.stickyadstv.com,"May 19, 2025 17:33:30.988186884 IST"
192.168.29.148,103.43.91.58,ib.adnxs.com,"May 19, 2025 17:33:30.988665366 IST"
192.168.29.148,119.8.187.97,ad.360yield.com,"May 19, 2025 17:33:30.989598444 IST"
192.168.29.148,74.118.186.107,sync.1rx.io,"May 19, 2025 17:33:31.046375292 IST"
192.168.29.148,35.213.7.90,x.bidswitch.net,"May 19, 2025 17:33:31.067819104 IST"
192.168.29.148,23.215.196.24,contextual.media.net,"May 19, 2025 17:33:31.197000706 IST"
192.168.29.148,23.63.110.75,ade.clmbtech.com,"May 19, 2025 17:33:31.276950920 IST"
192.168.29.148,124.146.153.167,tg.socdm.com,"May 19, 2025 17:33:31.280355891 IST"
192.168.29.148,141.226.231.48,sync-t1.taboola.com,"May 19, 2025 17:33:31.338716596 IST"
192.168.29.148,104.18.26.193,r.casalemedia.com,"May 19, 2025 17:33:31.384360636 IST"
192.168.29.148,142.250.77.226,cm.g.doubleclick.net,"May 19, 2025 17:33:31.424504750 IST"
192.168.29.148,139.99.123.105,ads.stickyadstv.com,"May 19, 2025 17:33:31.439218242 IST"
192.168.29.148,172.179.183.128,sync.outbrain.com,"May 19, 2025 17:33:31.453638818 IST"
192.168.29.148,74.118.186.107,sync.1rx.io,"May 19, 2025 17:33:31.534265380 IST"
192.168.29.148,35.213.7.90,x.bidswitch.net,"May 19, 2025 17:33:31.575187378 IST"
192.168.29.148,104.18.26.193,r.casalemedia.com,"May 19, 2025 17:33:31.705308872 IST"
192.168.29.148,141.226.231.48,sync-t1.taboola.com,"May 19, 2025 17:33:31.762388895 IST"
192.168.29.148,182.161.73.146,dis.criteo.com,"May 19, 2025 17:33:32.862659297 IST"
192.168.29.148,182.161.73.146,dis.criteo.com,"May 19, 2025 17:33:32.866192982 IST"
192.168.29.148,182.161.73.146,dis.criteo.com,"May 19, 2025 17:33:32.956681164 IST"
192.168.29.148,182.161.73.146,dis.criteo.com,"May 19, 2025 17:33:32.958418883 IST"
192.168.29.148,172.67.75.52,www.codechef.com,"May 19, 2025 17:33:33.065257759 IST"
192.168.29.148,142.250.194.164,www.google.com,"May 19, 2025 17:33:35.154250864 IST"
192.168.29.148,172.67.75.52,www.codechef.com,"May 19, 2025 17:33:37.724900098 IST"
192.168.29.148,142.250.193.72,www.googletagmanager.com,"May 19, 2025 17:33:37.905087346 IST"
192.168.29.148,142.250.67.81,csp.withgoogle.com,"May 19, 2025 17:33:38.021004619 IST"
192.168.29.148,142.251.43.170,ogads-pa.clients6.google.com,"May 19, 2025 17:33:38.334376975 IST"
192.168.29.148,150.171.22.12,px.ads.linkedin.com,"May 19, 2025 17:33:38.338444991 IST"
192.168.29.148,142.251.43.170,ogads-pa.clients6.google.com,"May 19, 2025 17:33:39.224596484 IST"
192.168.29.148,142.250.77.238,play.google.com,"May 19, 2025 17:33:39.443744147 IST"
192.168.29.148,142.250.194.164,www.google.com,"May 19, 2025 17:33:42.305750698 IST"
192.168.29.148,142.251.223.110,www.google-analytics.com,"May 19, 2025 17:33:42.433180327 IST"
192.168.29.148,172.217.194.154,stats.g.doubleclick.net,"May 19, 2025 17:33:42.531749900 IST"
192.168.29.148,142.251.223.110,www.google-analytics.com,"May 19, 2025 17:33:42.542493856 IST"
192.168.29.148,142.250.194.206,analytics.google.com,"May 19, 2025 17:33:42.719028714 IST"
192.168.29.148,142.250.195.3,www.google.co.in,"May 19, 2025 17:33:42.730396922 IST"
